﻿<?xml version="1.0" encoding="utf-8"?>
<deployment>
  <id>3f231f142cdc453db4b4388147b22d1b</id>
  <author>N/A</author>
  <deployer>ZipDeploy</deployer>
  <authorEmail>N/A</authorEmail>
  <message>Created via a push deployment</message>
  <progress></progress>
  <status>Success</status>
  <statusText></statusText>
  <lastSuccessEndTime>2026-01-06T22:13:17.6795396Z</lastSuccessEndTime>
  <receivedTime>2026-01-06T22:13:16.944251Z</receivedTime>
  <startTime>2026-01-06T22:13:17.2889236Z</startTime>
  <endTime>2026-01-06T22:13:17.6795396Z</endTime>
  <complete>True</complete>
  <is_temp>False</is_temp>
  <is_readonly>True</is_readonly>
  <project_type>Run-From-Zip</project_type>
  <vsproject_id></vsproject_id>
</deployment>