﻿<?xml version="1.0" encoding="utf-8"?>
<deployment>
  <id>7bf7a3334ad049159b0ff5697332c5b2</id>
  <author>N/A</author>
  <deployer>az_cli_functions</deployer>
  <authorEmail>N/A</authorEmail>
  <message>Created via a push deployment</message>
  <progress></progress>
  <status>Success</status>
  <statusText></statusText>
  <lastSuccessEndTime>2026-01-07T21:04:23.8635697Z</lastSuccessEndTime>
  <receivedTime>2026-01-07T21:04:23.4102834Z</receivedTime>
  <startTime>2026-01-07T21:04:23.5509186Z</startTime>
  <endTime>2026-01-07T21:04:23.8635697Z</endTime>
  <complete>True</complete>
  <is_temp>False</is_temp>
  <is_readonly>True</is_readonly>
  <project_type>Run-From-Zip</project_type>
  <vsproject_id></vsproject_id>
</deployment>