﻿<?xml version="1.0" encoding="utf-8"?>
<deployment>
  <id>86bc8a835f1e493f9da39f2d2e2aaedb</id>
  <author>N/A</author>
  <deployer>ZipDeploy</deployer>
  <authorEmail>N/A</authorEmail>
  <message>Created via a push deployment</message>
  <progress></progress>
  <status>Success</status>
  <statusText></statusText>
  <lastSuccessEndTime>2026-01-07T17:22:59.9459429Z</lastSuccessEndTime>
  <receivedTime>2026-01-07T17:22:59.4615716Z</receivedTime>
  <startTime>2026-01-07T17:22:59.633452Z</startTime>
  <endTime>2026-01-07T17:22:59.9459429Z</endTime>
  <complete>True</complete>
  <is_temp>False</is_temp>
  <is_readonly>True</is_readonly>
  <project_type>Run-From-Zip</project_type>
  <vsproject_id></vsproject_id>
</deployment>