﻿<?xml version="1.0" encoding="utf-8"?>
<deployment>
  <id>df0f1307ac30438cabbc8625314420bb</id>
  <author>N/A</author>
  <deployer>GITHUB_ZIP_DEPLOY_FUNCTIONS_V1</deployer>
  <authorEmail>N/A</authorEmail>
  <message>{"type":"deployment","sha":"9b6b8c493dae5dae8fe92ac14d56b1e5cd7dd1f6","repoName":"tvanroo/AzFilesOptimizer","actor":"tvanroo","slotName":"production"}</message>
  <progress></progress>
  <status>Success</status>
  <statusText></statusText>
  <lastSuccessEndTime>2026-01-07T19:23:39.6497886Z</lastSuccessEndTime>
  <receivedTime>2026-01-07T19:23:39.0873013Z</receivedTime>
  <startTime>2026-01-07T19:23:39.2591606Z</startTime>
  <endTime>2026-01-07T19:23:39.6497886Z</endTime>
  <complete>True</complete>
  <is_temp>False</is_temp>
  <is_readonly>True</is_readonly>
  <project_type>Run-From-Zip</project_type>
  <vsproject_id></vsproject_id>
</deployment>