{"TimeStamp":"2026-01-07T21:10:26Z","SiteName":"azfo-dev-func-xy76b","RequestId":"34ce746e-ec0d-11f0-93ce-525400df94ca","Kind":"az_cli_functions","Status":"Success","Details":"{\"Id\":\"27f1015b46454ebfbc4bb72f132e1bbc\",\"Status\":4,\"StatusText\":\"\",\"AuthorEmail\":\"N/A\",\"Author\":\"N/A\",\"Message\":\"Created via a push deployment\",\"Progress\":\"\",\"Deployer\":\"az_cli_functions\",\"ReceivedTime\":\"2026-01-07T21:10:25.9349228Z\",\"StartTime\":\"2026-01-07T21:10:26.1224215Z\",\"EndTime\":\"2026-01-07T21:10:26.4350749Z\",\"LastSuccessEndTime\":\"2026-01-07T21:10:26.4350749Z\",\"Complete\":true,\"IsTemporary\":false,\"IsReadOnly\":true,\"SiteName\":\"azfo-dev-func-xy76b\",\"HostName\":\"azfo-dev-func-xy76b.scm.azurewebsites.net\",\"ProjectType\":\"Run-From-Zip\",\"VsProjectId\":null}"}