﻿<?xml version="1.0" encoding="utf-8"?>
<deployment>
  <id>91b22abf2cbf42fdad541d3e9ec4c25b</id>
  <author>N/A</author>
  <deployer>GITHUB_ZIP_DEPLOY_FUNCTIONS_V1</deployer>
  <authorEmail>N/A</authorEmail>
  <message>{"type":"deployment","sha":"6fb0cfd9af56a6bfc106f9aa1e53c6e17cd5c430","repoName":"tvanroo/AzFilesOptimizer","actor":"tvanroo","slotName":"production"}</message>
  <progress></progress>
  <status>Success</status>
  <statusText></statusText>
  <lastSuccessEndTime>2026-01-07T19:14:31.4685319Z</lastSuccessEndTime>
  <receivedTime>2026-01-07T19:14:30.9216531Z</receivedTime>
  <startTime>2026-01-07T19:14:31.1404013Z</startTime>
  <endTime>2026-01-07T19:14:31.4685319Z</endTime>
  <complete>True</complete>
  <is_temp>False</is_temp>
  <is_readonly>True</is_readonly>
  <project_type>Run-From-Zip</project_type>
  <vsproject_id></vsproject_id>
</deployment>