<step title="Incoming Request" date="2026-01-07T21:04:21.628" instance="c9ec36" url="/api/zipdeploy?isAsync=true&amp;Deployer=az_cli_functions" method="POST" type="request" pid="8112,2,6" Cache-Control="no-cache" Connection="Keep-Alive" Content-Length="6235276" Content-Type="application/octet-stream" Accept="*/*" Accept-Encoding="gzip, deflate" Authorization="Bas..." Host="azfo-dev-func-xy76b.scm.azurewebsites.net" User-Agent="AZURECLI/2.80.0 (MSI)" x-ms-client-request-id="5defa08c-ec0c-11f0-bdb3-525400df94ca" X-ARR-LOG-ID="5defa08c-ec0c-11f0-bdb3-525400df94ca" CLIENT-IP="67.168.188.78:57477" X-SITE-DEPLOYMENT-ID="azfo-dev-func-xy76b" WAS-DEFAULT-HOSTNAME="azfo-dev-func-xy76b.scm.azurewebsites.net" X-Forwarded-Proto="https" X-AppService-Proto="https" X-Forwarded-TlsVersion="1.3" X-WAWS-Unencoded-URL="/api/zipdeploy?isAsync=true&amp;Deployer=az_cli_functions" X-MS-COLDSTART="1" >
  <step title="ZipPushDeploy" date="2026-01-07T21:04:22.629" >
    <step title="Functions App ZipDeploy. Run from package." date="2026-01-07T21:04:22.644" /><!-- duration: 31ms -->
    <step title="Starting PushDeployAsync" date="2026-01-07T21:04:22.675" /><!-- duration: 16ms -->
    <step title="Updating shutdown sentinel last write time" date="2026-01-07T21:04:22.800" SemaphoreCount="7" /><!-- duration: 16ms -->
    <step title="LockFile &apos;C:\home\site\locks\deployments.lock&apos; acquired" date="2026-01-07T21:04:22.816" /><!-- duration: 0ms -->
    <step title="Deleting outdated zip file C:\home\data\SitePackages\20260107194448.zip" date="2026-01-07T21:04:22.832" /><!-- duration: 16ms -->
    <step title="Saving request content to C:\home\data\SitePackages\20260107210422.zip" date="2026-01-07T21:04:22.847" >
      <step title="Total 6,235,276 bytes written to C:\home\data\SitePackages\20260107210422.zip" date="2026-01-07T21:04:22.957" /><!-- duration: 0ms -->
    </step><!-- duration: 156ms -->
    <step title="LockFile &apos;C:\home\site\locks\deployments.lock&apos; released" date="2026-01-07T21:04:23.019" /><!-- duration: 0ms -->
    <step title="Deleting shutdown sentinel file" date="2026-01-07T21:04:23.035" SemaphoreCount="8" /><!-- duration: 16ms -->
    <step title="Starting FetchDeploy" date="2026-01-07T21:04:23.070" /><!-- duration: 12ms -->
    <step title="Start deployment in the background" date="2026-01-07T21:04:23.082" /><!-- duration: 94ms -->
  </step><!-- duration: 562ms -->
  <step title="Outgoing response" date="2026-01-07T21:04:23.238" type="response" statusCode="202" statusText="Accepted" Server="Microsoft-IIS/10.0" x-ms-request-id="5defa08c-ec0c-11f0-bdb3-525400df94ca" Retry-After="30" Cache-Control="private" X-AspNet-Version="4.0.30319" Location="https://azfo-dev-func-xy76b.scm.azurewebsites.net/api/deployments/latest?deployer=az_cli_functions&amp;time=2026-01-07_21-04-23Z" /><!-- duration: 17ms -->
</step><!-- duration: 1641ms -->
