<step title="BackgroundTrace" date="2026-01-07T19:23:38.665" instance="c22980" url="/api/zipdeploy" method="POST" >
  <step title="Updating shutdown sentinel last write time" date="2026-01-07T19:23:38.681" SemaphoreCount="7" /><!-- duration: 0ms -->
  <step title="LockFile &apos;C:\home\site\locks\deployments.lock&apos; acquired" date="2026-01-07T19:23:38.696" /><!-- duration: 0ms -->
  <step title="Creating temporary deployment" date="2026-01-07T19:23:38.712" /><!-- duration: 109ms -->
  <step title="Performing fetch based deployment" date="2026-01-07T19:23:38.837" >
    <step title="Fetching changes." date="2026-01-07T19:23:38.915" /><!-- duration: 16ms -->
    <step title="Starting LocalZipHandler" date="2026-01-07T19:23:38.946" /><!-- duration: 0ms -->
    <step title="Starting ExtractTriggers" date="2026-01-07T19:23:38.962" /><!-- duration: 0ms -->
    <step title="Before sending BuildRequestReceived status to /api/updatedeploystatus" date="2026-01-07T19:23:38.993" /><!-- duration: 16ms -->
    <step title="DeploymentManager.Deploy(id:df0f1307ac30438cabbc8625314420bb)" date="2026-01-07T19:23:39.009" >
      <step title="Collecting changeset information" date="2026-01-07T19:23:39.056" /><!-- duration: 63ms -->
      <step title="Updating submodules" date="2026-01-07T19:23:39.118" >
        <step title="Updating submodules." date="2026-01-07T19:23:39.165" /><!-- duration: 0ms -->
      </step><!-- duration: 62ms -->
      <step title="Preparing deployment for commit id &apos;df0f1307ac&apos;." date="2026-01-07T19:23:39.243" /><!-- duration: 0ms -->
      <step title="Determining deployment builder" date="2026-01-07T19:23:39.352" >
        <step title="Builder is RunFromZipSiteBuilder" date="2026-01-07T19:23:39.368" /><!-- duration: 0ms -->
      </step><!-- duration: 31ms -->
      <step title="Copying SSH keys" date="2026-01-07T19:23:39.399" /><!-- duration: 0ms -->
      <step title="Building" date="2026-01-07T19:23:39.415" >
        <step title="Skipping build. Project type: Run-From-Zip" date="2026-01-07T19:23:39.446" /><!-- duration: 16ms -->
        <step title="Skipping post build. Project type: Run-From-Zip" date="2026-01-07T19:23:39.509" /><!-- duration: 0ms -->
        <step title="Triggering recycle (preview mode disabled)." date="2026-01-07T19:23:39.556" /><!-- duration: 16ms -->
        <step title="Ignoring FS watcher based recycle request as this is a classic Windows app." date="2026-01-07T19:23:39.571" /><!-- duration: 16ms -->
        <step title="Deployment successful. DEPLOYMENTINFO: deploymentPath = Functions App ZipDeploy. Run from package., deployer = GITHUB_ZIP_DEPLOY_FUNCTIONS_V1, os = windows, sku = Dynamic, language = dotnet-isolated, siteName = azfo-dev-func-xy76b, slotName = Production, siteHostName = azfo-dev-func-xy76b.azurewebsites.net, deploymentStatus = Success" date="2026-01-07T19:23:39.618" /><!-- duration: 16ms -->
        <step title="Purge deployment items" date="2026-01-07T19:23:39.727" >
          <step title="Remove 17c24ff76, Success, received at 1/6/2026 2:43:53 AM" date="2026-01-07T19:23:39.821" /><!-- duration: 0ms -->
        </step><!-- duration: 94ms -->
      </step><!-- duration: 438ms -->
    </step><!-- duration: 844ms -->
    <step title="Cleaning up temp files" date="2026-01-07T19:23:39.852" /><!-- duration: 16ms -->
    <step title="Updating C:\home\data\SitePackages\packagename.txt with deployment 20260107192338.zip" date="2026-01-07T19:23:39.868" /><!-- duration: 78ms -->
    <step title="Begin HttpPost https://azfo-dev-func-xy76b.scm.azurewebsites.net/operations/settriggers, x-ms-request-id: 3459518f-7ee3-4732-afc8-7792ceb6c281" date="2026-01-07T19:23:39.993" /><!-- duration: 16ms -->
    <step title="End HttpPost, status: OK" date="2026-01-07T19:23:40.337" /><!-- duration: 16ms -->
    <step title="Scheduling background sync triggers after delay" date="2026-01-07T19:23:40.352" /><!-- duration: 16ms -->
  </step><!-- duration: 1594ms -->
  <step title="LockFile &apos;C:\home\site\locks\deployments.lock&apos; released" date="2026-01-07T19:23:40.446" /><!-- duration: 16ms -->
</step><!-- duration: 1813ms -->
