<step title="BackgroundTrace" date="2026-01-07T19:44:48.422" instance="c22980" url="/api/zipdeploy" method="POST" >
  <step title="Updating shutdown sentinel last write time" date="2026-01-07T19:44:48.422" SemaphoreCount="7" /><!-- duration: 0ms -->
  <step title="LockFile &apos;C:\home\site\locks\deployments.lock&apos; acquired" date="2026-01-07T19:44:48.438" /><!-- duration: 0ms -->
  <step title="Creating temporary deployment" date="2026-01-07T19:44:48.438" /><!-- duration: 63ms -->
  <step title="Performing fetch based deployment" date="2026-01-07T19:44:48.516" >
    <step title="Fetching changes." date="2026-01-07T19:44:48.578" /><!-- duration: 16ms -->
    <step title="Starting LocalZipHandler" date="2026-01-07T19:44:48.594" /><!-- duration: 0ms -->
    <step title="Starting ExtractTriggers" date="2026-01-07T19:44:48.609" /><!-- duration: 0ms -->
    <step title="Before sending BuildRequestReceived status to /api/updatedeploystatus" date="2026-01-07T19:44:48.641" /><!-- duration: 0ms -->
    <step title="DeploymentManager.Deploy(id:65aadc7a64024684a353ba24a1a06191)" date="2026-01-07T19:44:48.656" >
      <step title="Collecting changeset information" date="2026-01-07T19:44:48.672" /><!-- duration: 31ms -->
      <step title="Updating submodules" date="2026-01-07T19:44:48.703" >
        <step title="Updating submodules." date="2026-01-07T19:44:48.734" /><!-- duration: 0ms -->
      </step><!-- duration: 47ms -->
      <step title="Preparing deployment for commit id &apos;65aadc7a64&apos;." date="2026-01-07T19:44:48.781" /><!-- duration: 0ms -->
      <step title="Determining deployment builder" date="2026-01-07T19:44:48.813" >
        <step title="Builder is RunFromZipSiteBuilder" date="2026-01-07T19:44:48.828" /><!-- duration: 0ms -->
      </step><!-- duration: 16ms -->
      <step title="Copying SSH keys" date="2026-01-07T19:44:48.860" /><!-- duration: 0ms -->
      <step title="Building" date="2026-01-07T19:44:48.875" >
        <step title="Skipping build. Project type: Run-From-Zip" date="2026-01-07T19:44:48.906" /><!-- duration: 0ms -->
        <step title="Skipping post build. Project type: Run-From-Zip" date="2026-01-07T19:44:48.953" /><!-- duration: 0ms -->
        <step title="Triggering recycle (preview mode disabled)." date="2026-01-07T19:44:48.984" /><!-- duration: 0ms -->
        <step title="Ignoring FS watcher based recycle request as this is a classic Windows app." date="2026-01-07T19:44:48.984" /><!-- duration: 0ms -->
        <step title="Deployment successful. DEPLOYMENTINFO: deploymentPath = Functions App ZipDeploy. Run from package., deployer = GITHUB_ZIP_DEPLOY_FUNCTIONS_V1, os = windows, sku = Dynamic, language = dotnet-isolated, siteName = azfo-dev-func-xy76b, slotName = Production, siteHostName = azfo-dev-func-xy76b.azurewebsites.net, deploymentStatus = Success" date="2026-01-07T19:44:49.031" /><!-- duration: 0ms -->
        <step title="Purge deployment items" date="2026-01-07T19:44:49.188" >
          <step title="Remove 5772392ce, Success, received at 1/6/2026 3:04:12 PM" date="2026-01-07T19:44:49.250" /><!-- duration: 0ms -->
        </step><!-- duration: 78ms -->
      </step><!-- duration: 658ms -->
    </step><!-- duration: 876ms -->
    <step title="Cleaning up temp files" date="2026-01-07T19:44:49.533" /><!-- duration: 16ms -->
    <step title="Updating C:\home\data\SitePackages\packagename.txt with deployment 20260107194448.zip" date="2026-01-07T19:44:49.548" /><!-- duration: 94ms -->
    <step title="Begin HttpPost https://azfo-dev-func-xy76b.scm.azurewebsites.net/operations/settriggers, x-ms-request-id: 8bdf46da-f6ac-499f-96f5-853c72f6387f" date="2026-01-07T19:44:49.705" /><!-- duration: 0ms -->
    <step title="End HttpPost, status: OK" date="2026-01-07T19:44:50.017" /><!-- duration: 0ms -->
    <step title="Scheduling background sync triggers after delay" date="2026-01-07T19:44:50.017" /><!-- duration: 16ms -->
  </step><!-- duration: 1564ms -->
  <step title="LockFile &apos;C:\home\site\locks\deployments.lock&apos; released" date="2026-01-07T19:44:50.095" /><!-- duration: 0ms -->
</step><!-- duration: 1673ms -->
