<step title="Incoming Request" date="2026-01-06T22:13:15.770" instance="5411d6" url="/api/zipdeploy" method="POST" type="request" pid="5728,2,7" Content-Length="5748543" Content-Type="application/zip" Authorization="Bea..." Host="azfo-dev-func-xy76b.scm.azurewebsites.net" If-Match="*" User-Agent="functions-core-tools/4.6.0" X-ARR-LOG-ID="a58e2c20-f85e-404b-8f7e-ebae60d144a3" CLIENT-IP="67.168.188.78:62520" X-SITE-DEPLOYMENT-ID="azfo-dev-func-xy76b" WAS-DEFAULT-HOSTNAME="azfo-dev-func-xy76b.scm.azurewebsites.net" X-Forwarded-Proto="https" X-AppService-Proto="https" X-Forwarded-TlsVersion="1.3" X-WAWS-Unencoded-URL="/api/zipdeploy" >
  <step title="ZipPushDeploy" date="2026-01-06T22:13:15.817" >
    <step title="Functions App ZipDeploy. Run from package." date="2026-01-06T22:13:15.848" /><!-- duration: 0ms -->
    <step title="Starting PushDeployAsync" date="2026-01-06T22:13:15.864" /><!-- duration: 16ms -->
    <step title="Updating shutdown sentinel last write time" date="2026-01-06T22:13:15.957" SemaphoreCount="7" /><!-- duration: 31ms -->
    <step title="LockFile &apos;C:\home\site\locks\deployments.lock&apos; acquired" date="2026-01-06T22:13:15.989" /><!-- duration: 0ms -->
    <step title="Deleting outdated zip file C:\home\data\SitePackages\20260106203059.zip" date="2026-01-06T22:13:16.004" /><!-- duration: 16ms -->
    <step title="Saving request content to C:\home\data\SitePackages\20260106221315.zip" date="2026-01-06T22:13:16.020" >
      <step title="Total 5,748,543 bytes written to C:\home\data\SitePackages\20260106221315.zip" date="2026-01-06T22:13:16.411" /><!-- duration: 16ms -->
    </step><!-- duration: 486ms -->
    <step title="LockFile &apos;C:\home\site\locks\deployments.lock&apos; released" date="2026-01-06T22:13:16.522" /><!-- duration: 0ms -->
    <step title="Deleting shutdown sentinel file" date="2026-01-06T22:13:16.538" SemaphoreCount="8" /><!-- duration: 0ms -->
    <step title="Starting FetchDeploy" date="2026-01-06T22:13:16.553" /><!-- duration: 0ms -->
    <step title="Attempting to fetch target branch HEAD" date="2026-01-06T22:13:16.569" /><!-- duration: 0ms -->
    <step title="Updating shutdown sentinel last write time" date="2026-01-06T22:13:16.584" SemaphoreCount="7" /><!-- duration: 16ms -->
    <step title="LockFile &apos;C:\home\site\locks\deployments.lock&apos; acquired" date="2026-01-06T22:13:16.600" /><!-- duration: 0ms -->
    <step title="Performing fetch based deployment" date="2026-01-06T22:13:16.616" >
      <step title="Creating temporary deployment" date="2026-01-06T22:13:16.631" /><!-- duration: 63ms -->
      <step title="Fetching changes." date="2026-01-06T22:13:16.772" /><!-- duration: 16ms -->
      <step title="Starting LocalZipHandler" date="2026-01-06T22:13:16.803" /><!-- duration: 0ms -->
      <step title="Starting ExtractTriggers" date="2026-01-06T22:13:16.819" /><!-- duration: 0ms -->
      <step title="None repository commit" date="2026-01-06T22:13:16.866" >
        <step title="Commit id: 3f231f142cdc453db4b4388147b22d1b" date="2026-01-06T22:13:16.866" Message="Created via a push deployment" AuthorName="N/A" AuthorEmail="N/A" /><!-- duration: 0ms -->
      </step><!-- duration: 16ms -->
      <step title="Before sending BuildRequestReceived status to /api/updatedeploystatus" date="2026-01-06T22:13:16.897" /><!-- duration: 0ms -->
      <step title="DeploymentManager.Deploy(id:3f231f142cdc453db4b4388147b22d1b)" date="2026-01-06T22:13:16.913" >
        <step title="Collecting changeset information" date="2026-01-06T22:13:16.928" /><!-- duration: 31ms -->
        <step title="Updating submodules" date="2026-01-06T22:13:16.975" >
          <step title="Updating submodules." date="2026-01-06T22:13:17.022" /><!-- duration: 17ms -->
        </step><!-- duration: 79ms -->
        <step title="Preparing deployment for commit id &apos;3f231f142c&apos;." date="2026-01-06T22:13:17.117" /><!-- duration: 16ms -->
        <step title="Determining deployment builder" date="2026-01-06T22:13:17.320" >
          <step title="Builder is RunFromZipSiteBuilder" date="2026-01-06T22:13:17.335" /><!-- duration: 0ms -->
        </step><!-- duration: 31ms -->
        <step title="Copying SSH keys" date="2026-01-06T22:13:17.367" /><!-- duration: 16ms -->
        <step title="Building" date="2026-01-06T22:13:17.382" >
          <step title="Skipping build. Project type: Run-From-Zip" date="2026-01-06T22:13:17.429" /><!-- duration: 16ms -->
          <step title="Skipping post build. Project type: Run-From-Zip" date="2026-01-06T22:13:17.507" /><!-- duration: 0ms -->
          <step title="Triggering recycle (preview mode disabled)." date="2026-01-06T22:13:17.570" /><!-- duration: 16ms -->
          <step title="Ignoring FS watcher based recycle request as this is a classic Windows app." date="2026-01-06T22:13:17.585" /><!-- duration: 16ms -->
          <step title="Deployment successful. DEPLOYMENTINFO: deploymentPath = Functions App ZipDeploy. Run from package., deployer = ZipDeploy, os = windows, sku = Dynamic, language = dotnet-isolated, siteName = azfo-dev-func-xy76b, slotName = Production, siteHostName = azfo-dev-func-xy76b.azurewebsites.net, deploymentStatus = Success" date="2026-01-06T22:13:17.648" /><!-- duration: 0ms -->
          <step title="Purge deployment items" date="2026-01-06T22:13:17.835" >
            <step title="Remove a6333baac, Success, received at 1/6/2026 12:37:38 AM" date="2026-01-06T22:13:17.913" /><!-- duration: 16ms -->
          </step><!-- duration: 94ms -->
        </step><!-- duration: 578ms -->
      </step><!-- duration: 1048ms -->
      <step title="Cleaning up temp files" date="2026-01-06T22:13:17.960" /><!-- duration: 16ms -->
      <step title="Updating C:\home\data\SitePackages\packagename.txt with deployment 20260106221315.zip" date="2026-01-06T22:13:17.976" /><!-- duration: 94ms -->
      <step title="Begin HttpPost https://azfo-dev-func-xy76b.scm.azurewebsites.net/operations/settriggers, x-ms-request-id: a58e2c20-f85e-404b-8f7e-ebae60d144a3" date="2026-01-06T22:13:18.132" /><!-- duration: 0ms -->
      <step title="End HttpPost, status: OK" date="2026-01-06T22:13:18.476" /><!-- duration: 16ms -->
      <step title="Scheduling background sync triggers after delay" date="2026-01-06T22:13:18.492" /><!-- duration: 16ms -->
    </step><!-- duration: 1954ms -->
    <step title="LockFile &apos;C:\home\site\locks\deployments.lock&apos; released" date="2026-01-06T22:13:18.585" /><!-- duration: 0ms -->
  </step><!-- duration: 2784ms -->
  <step title="Outgoing response" date="2026-01-06T22:13:18.601" type="response" statusCode="200" statusText="OK" Server="Microsoft-IIS/10.0" x-ms-request-id="a58e2c20-f85e-404b-8f7e-ebae60d144a3" Cache-Control="private" X-AspNet-Version="4.0.30319" /><!-- duration: 16ms -->
</step><!-- duration: 2847ms -->
