<step title="Incoming Request" date="2026-01-07T17:22:57.602" instance="9b809b" url="/api/zipdeploy" method="POST" type="request" pid="4648,2,8" Content-Length="6259649" Content-Type="application/zip" Authorization="Bea..." Host="azfo-dev-func-xy76b.scm.azurewebsites.net" If-Match="*" User-Agent="functions-core-tools/4.6.0" X-ARR-LOG-ID="65934cd1-12ab-4f6c-91a4-e823e4818f91" CLIENT-IP="67.168.188.78:57125" X-SITE-DEPLOYMENT-ID="azfo-dev-func-xy76b" WAS-DEFAULT-HOSTNAME="azfo-dev-func-xy76b.scm.azurewebsites.net" X-Forwarded-Proto="https" X-AppService-Proto="https" X-Forwarded-TlsVersion="1.3" X-WAWS-Unencoded-URL="/api/zipdeploy" >
  <step title="ZipPushDeploy" date="2026-01-07T17:22:57.664" >
    <step title="Functions App ZipDeploy. Run from package." date="2026-01-07T17:22:57.695" /><!-- duration: 0ms -->
    <step title="Starting PushDeployAsync" date="2026-01-07T17:22:57.711" /><!-- duration: 16ms -->
    <step title="Updating shutdown sentinel last write time" date="2026-01-07T17:22:57.852" SemaphoreCount="7" /><!-- duration: 16ms -->
    <step title="LockFile &apos;C:\home\site\locks\deployments.lock&apos; acquired" date="2026-01-07T17:22:57.867" /><!-- duration: 16ms -->
    <step title="Deleting outdated zip file C:\home\data\SitePackages\20260106210146.zip" date="2026-01-07T17:22:57.899" /><!-- duration: 62ms -->
    <step title="Saving request content to C:\home\data\SitePackages\20260107172257.zip" date="2026-01-07T17:22:57.961" >
      <step title="Total 6,259,649 bytes written to C:\home\data\SitePackages\20260107172257.zip" date="2026-01-07T17:22:59.008" /><!-- duration: 0ms -->
    </step><!-- duration: 1125ms -->
    <step title="LockFile &apos;C:\home\site\locks\deployments.lock&apos; released" date="2026-01-07T17:22:59.102" /><!-- duration: 0ms -->
    <step title="Deleting shutdown sentinel file" date="2026-01-07T17:22:59.102" SemaphoreCount="8" /><!-- duration: 16ms -->
    <step title="Starting FetchDeploy" date="2026-01-07T17:22:59.117" /><!-- duration: 16ms -->
    <step title="Attempting to fetch target branch HEAD" date="2026-01-07T17:22:59.133" /><!-- duration: 0ms -->
    <step title="Updating shutdown sentinel last write time" date="2026-01-07T17:22:59.149" SemaphoreCount="7" /><!-- duration: 0ms -->
    <step title="LockFile &apos;C:\home\site\locks\deployments.lock&apos; acquired" date="2026-01-07T17:22:59.164" /><!-- duration: 0ms -->
    <step title="Performing fetch based deployment" date="2026-01-07T17:22:59.180" >
      <step title="Creating temporary deployment" date="2026-01-07T17:22:59.180" /><!-- duration: 78ms -->
      <step title="Fetching changes." date="2026-01-07T17:22:59.336" /><!-- duration: 0ms -->
      <step title="Starting LocalZipHandler" date="2026-01-07T17:22:59.352" /><!-- duration: 0ms -->
      <step title="Starting ExtractTriggers" date="2026-01-07T17:22:59.367" /><!-- duration: 0ms -->
      <step title="None repository commit" date="2026-01-07T17:22:59.399" >
        <step title="Commit id: 86bc8a835f1e493f9da39f2d2e2aaedb" date="2026-01-07T17:22:59.414" Message="Created via a push deployment" AuthorName="N/A" AuthorEmail="N/A" /><!-- duration: 0ms -->
      </step><!-- duration: 16ms -->
      <step title="Before sending BuildRequestReceived status to /api/updatedeploystatus" date="2026-01-07T17:22:59.430" /><!-- duration: 0ms -->
      <step title="DeploymentManager.Deploy(id:86bc8a835f1e493f9da39f2d2e2aaedb)" date="2026-01-07T17:22:59.430" >
        <step title="Collecting changeset information" date="2026-01-07T17:22:59.445" /><!-- duration: 63ms -->
        <step title="Updating submodules" date="2026-01-07T17:22:59.524" >
          <step title="Updating submodules." date="2026-01-07T17:22:59.555" /><!-- duration: 0ms -->
        </step><!-- duration: 47ms -->
        <step title="Preparing deployment for commit id &apos;86bc8a835f&apos;." date="2026-01-07T17:22:59.602" /><!-- duration: 16ms -->
        <step title="Determining deployment builder" date="2026-01-07T17:22:59.649" >
          <step title="Builder is RunFromZipSiteBuilder" date="2026-01-07T17:22:59.664" /><!-- duration: 0ms -->
        </step><!-- duration: 16ms -->
        <step title="Copying SSH keys" date="2026-01-07T17:22:59.695" /><!-- duration: 0ms -->
        <step title="Building" date="2026-01-07T17:22:59.695" >
          <step title="Skipping build. Project type: Run-From-Zip" date="2026-01-07T17:22:59.742" /><!-- duration: 0ms -->
          <step title="Skipping post build. Project type: Run-From-Zip" date="2026-01-07T17:22:59.820" /><!-- duration: 0ms -->
          <step title="Triggering recycle (preview mode disabled)." date="2026-01-07T17:22:59.867" /><!-- duration: 0ms -->
          <step title="Ignoring FS watcher based recycle request as this is a classic Windows app." date="2026-01-07T17:22:59.883" /><!-- duration: 16ms -->
          <step title="Deployment successful. DEPLOYMENTINFO: deploymentPath = Functions App ZipDeploy. Run from package., deployer = ZipDeploy, os = windows, sku = Dynamic, language = dotnet-isolated, siteName = azfo-dev-func-xy76b, slotName = Production, siteHostName = azfo-dev-func-xy76b.azurewebsites.net, deploymentStatus = Success" date="2026-01-07T17:22:59.914" /><!-- duration: 16ms -->
          <step title="Purge deployment items" date="2026-01-07T17:23:00.133" >
            <step title="Remove c0db40031, Success, received at 1/6/2026 12:57:38 AM" date="2026-01-07T17:23:00.305" /><!-- duration: 16ms -->
          </step><!-- duration: 187ms -->
        </step><!-- duration: 672ms -->
      </step><!-- duration: 938ms -->
      <step title="Cleaning up temp files" date="2026-01-07T17:23:00.367" /><!-- duration: 16ms -->
      <step title="Updating C:\home\data\SitePackages\packagename.txt with deployment 20260107172257.zip" date="2026-01-07T17:23:00.414" /><!-- duration: 94ms -->
      <step title="Begin HttpPost https://azfo-dev-func-xy76b.scm.azurewebsites.net/operations/settriggers, x-ms-request-id: 65934cd1-12ab-4f6c-91a4-e823e4818f91" date="2026-01-07T17:23:00.586" /><!-- duration: 0ms -->
      <step title="End HttpPost, status: OK" date="2026-01-07T17:23:00.961" /><!-- duration: 0ms -->
      <step title="Scheduling background sync triggers after delay" date="2026-01-07T17:23:00.977" /><!-- duration: 0ms -->
    </step><!-- duration: 1844ms -->
    <step title="LockFile &apos;C:\home\site\locks\deployments.lock&apos; released" date="2026-01-07T17:23:01.024" /><!-- duration: 0ms -->
  </step><!-- duration: 3375ms -->
  <step title="Outgoing response" date="2026-01-07T17:23:01.039" type="response" statusCode="200" statusText="OK" Server="Microsoft-IIS/10.0" x-ms-request-id="65934cd1-12ab-4f6c-91a4-e823e4818f91" Cache-Control="private" X-AspNet-Version="4.0.30319" /><!-- duration: 16ms -->
</step><!-- duration: 3469ms -->
