<step title="Incoming Request" date="2026-01-07T21:10:24.966" instance="c9ec36" url="/api/zipdeploy?isAsync=true&amp;Deployer=az_cli_functions" method="POST" type="request" pid="2488,2,8" Cache-Control="no-cache" Content-Length="6235269" Content-Type="application/octet-stream" Accept="*/*" Accept-Encoding="gzip, deflate" Authorization="Bas..." Host="azfo-dev-func-xy76b.scm.azurewebsites.net" User-Agent="AZURECLI/2.80.0 (MSI)" x-ms-client-request-id="34ce746e-ec0d-11f0-93ce-525400df94ca" X-ARR-LOG-ID="34ce746e-ec0d-11f0-93ce-525400df94ca" CLIENT-IP="67.168.188.78:53299" X-SITE-DEPLOYMENT-ID="azfo-dev-func-xy76b" WAS-DEFAULT-HOSTNAME="azfo-dev-func-xy76b.scm.azurewebsites.net" X-Forwarded-Proto="https" X-AppService-Proto="https" X-Forwarded-TlsVersion="1.3" X-WAWS-Unencoded-URL="/api/zipdeploy?isAsync=true&amp;Deployer=az_cli_functions" >
  <step title="ZipPushDeploy" date="2026-01-07T21:10:25.263" >
    <step title="Functions App ZipDeploy. Run from package." date="2026-01-07T21:10:25.309" /><!-- duration: 16ms -->
    <step title="Starting PushDeployAsync" date="2026-01-07T21:10:25.325" /><!-- duration: 16ms -->
    <step title="Updating shutdown sentinel last write time" date="2026-01-07T21:10:25.388" SemaphoreCount="7" /><!-- duration: 16ms -->
    <step title="LockFile &apos;C:\home\site\locks\deployments.lock&apos; acquired" date="2026-01-07T21:10:25.403" /><!-- duration: 15ms -->
    <step title="Deleting outdated zip file C:\home\data\SitePackages\20260107195755.zip" date="2026-01-07T21:10:25.434" /><!-- duration: 0ms -->
    <step title="Saving request content to C:\home\data\SitePackages\20260107211025.zip" date="2026-01-07T21:10:25.434" >
      <step title="Total 6,235,269 bytes written to C:\home\data\SitePackages\20260107211025.zip" date="2026-01-07T21:10:25.513" /><!-- duration: 0ms -->
    </step><!-- duration: 141ms -->
    <step title="LockFile &apos;C:\home\site\locks\deployments.lock&apos; released" date="2026-01-07T21:10:25.575" /><!-- duration: 16ms -->
    <step title="Deleting shutdown sentinel file" date="2026-01-07T21:10:25.591" SemaphoreCount="8" /><!-- duration: 0ms -->
    <step title="Starting FetchDeploy" date="2026-01-07T21:10:25.606" /><!-- duration: 0ms -->
    <step title="Start deployment in the background" date="2026-01-07T21:10:25.622" /><!-- duration: 94ms -->
  </step><!-- duration: 469ms -->
  <step title="Outgoing response" date="2026-01-07T21:10:25.778" type="response" statusCode="202" statusText="Accepted" Server="Microsoft-IIS/10.0" x-ms-request-id="34ce746e-ec0d-11f0-93ce-525400df94ca" Retry-After="30" Cache-Control="private" X-AspNet-Version="4.0.30319" Location="https://azfo-dev-func-xy76b.scm.azurewebsites.net/api/deployments/latest?deployer=az_cli_functions&amp;time=2026-01-07_21-10-25Z" /><!-- duration: 0ms -->
</step><!-- duration: 812ms -->
