<step title="BackgroundTrace" date="2026-01-07T20:15:49.862" instance="c22980" url="/api/zipdeploy" method="POST" >
  <step title="Updating shutdown sentinel last write time" date="2026-01-07T20:15:49.877" SemaphoreCount="7" /><!-- duration: 0ms -->
  <step title="LockFile &apos;C:\home\site\locks\deployments.lock&apos; acquired" date="2026-01-07T20:15:49.893" /><!-- duration: 0ms -->
  <step title="Creating temporary deployment" date="2026-01-07T20:15:49.893" /><!-- duration: 109ms -->
  <step title="Performing fetch based deployment" date="2026-01-07T20:15:50.018" >
    <step title="Fetching changes." date="2026-01-07T20:15:50.096" /><!-- duration: 31ms -->
    <step title="Starting LocalZipHandler" date="2026-01-07T20:15:50.127" /><!-- duration: 16ms -->
    <step title="Starting ExtractTriggers" date="2026-01-07T20:15:50.143" /><!-- duration: 16ms -->
    <step title="Before sending BuildRequestReceived status to /api/updatedeploystatus" date="2026-01-07T20:15:50.190" /><!-- duration: 0ms -->
    <step title="DeploymentManager.Deploy(id:b742f100ead8406ebbcd2fba99eae31c)" date="2026-01-07T20:15:50.205" >
      <step title="Collecting changeset information" date="2026-01-07T20:15:50.299" /><!-- duration: 47ms -->
      <step title="Updating submodules" date="2026-01-07T20:15:50.346" >
        <step title="Updating submodules." date="2026-01-07T20:15:50.393" /><!-- duration: 16ms -->
      </step><!-- duration: 63ms -->
      <step title="Preparing deployment for commit id &apos;b742f100ea&apos;." date="2026-01-07T20:15:50.471" /><!-- duration: 15ms -->
      <step title="Determining deployment builder" date="2026-01-07T20:15:50.534" >
        <step title="Builder is RunFromZipSiteBuilder" date="2026-01-07T20:15:50.534" /><!-- duration: 16ms -->
      </step><!-- duration: 16ms -->
      <step title="Copying SSH keys" date="2026-01-07T20:15:50.580" /><!-- duration: 16ms -->
      <step title="Building" date="2026-01-07T20:15:50.596" >
        <step title="Skipping build. Project type: Run-From-Zip" date="2026-01-07T20:15:50.643" /><!-- duration: 0ms -->
        <step title="Skipping post build. Project type: Run-From-Zip" date="2026-01-07T20:15:50.721" /><!-- duration: 62ms -->
        <step title="Triggering recycle (preview mode disabled)." date="2026-01-07T20:15:50.877" /><!-- duration: 0ms -->
        <step title="Ignoring FS watcher based recycle request as this is a classic Windows app." date="2026-01-07T20:15:50.877" /><!-- duration: 16ms -->
        <step title="Deployment successful. DEPLOYMENTINFO: deploymentPath = Functions App ZipDeploy. Run from package., deployer = GITHUB_ZIP_DEPLOY_FUNCTIONS_V1, os = windows, sku = Dynamic, language = dotnet-isolated, siteName = azfo-dev-func-xy76b, slotName = Production, siteHostName = azfo-dev-func-xy76b.azurewebsites.net, deploymentStatus = Success" date="2026-01-07T20:15:50.955" /><!-- duration: 0ms -->
        <step title="Purge deployment items" date="2026-01-07T20:15:51.112" >
          <step title="Remove 655b535b5, Success, received at 1/6/2026 8:31:01 PM" date="2026-01-07T20:15:51.159" /><!-- duration: 16ms -->
        </step><!-- duration: 62ms -->
      </step><!-- duration: 609ms -->
    </step><!-- duration: 1000ms -->
    <step title="Cleaning up temp files" date="2026-01-07T20:15:51.205" /><!-- duration: 16ms -->
    <step title="Updating C:\home\data\SitePackages\packagename.txt with deployment 20260107201549.zip" date="2026-01-07T20:15:51.221" /><!-- duration: 156ms -->
    <step title="Begin HttpPost https://azfo-dev-func-xy76b.scm.azurewebsites.net/operations/settriggers, x-ms-request-id: e2a8884f-ff1b-4fab-8a6a-3830804723da" date="2026-01-07T20:15:51.424" /><!-- duration: 0ms -->
    <step title="End HttpPost, status: OK" date="2026-01-07T20:15:51.737" /><!-- duration: 0ms -->
    <step title="Scheduling background sync triggers after delay" date="2026-01-07T20:15:51.737" /><!-- duration: 16ms -->
  </step><!-- duration: 1766ms -->
  <step title="LockFile &apos;C:\home\site\locks\deployments.lock&apos; released" date="2026-01-07T20:15:51.799" /><!-- duration: 0ms -->
</step><!-- duration: 1953ms -->
