<step title="Incoming Request" date="2026-01-06T21:01:46.676" instance="ae37a3" url="/api/zipdeploy" method="POST" type="request" pid="4752,2,15" Content-Length="5649693" Content-Type="application/zip" Authorization="Bea..." Host="azfo-dev-func-xy76b.scm.azurewebsites.net" If-Match="*" User-Agent="functions-core-tools/4.6.0" X-ARR-LOG-ID="f674c9a6-78e9-4e9f-91e0-97cfe0333339" CLIENT-IP="67.168.188.78:63558" X-SITE-DEPLOYMENT-ID="azfo-dev-func-xy76b" WAS-DEFAULT-HOSTNAME="azfo-dev-func-xy76b.scm.azurewebsites.net" X-Forwarded-Proto="https" X-AppService-Proto="https" X-Forwarded-TlsVersion="1.3" X-WAWS-Unencoded-URL="/api/zipdeploy" >
  <step title="ZipPushDeploy" date="2026-01-06T21:01:46.722" >
    <step title="Functions App ZipDeploy. Run from package." date="2026-01-06T21:01:46.754" /><!-- duration: 0ms -->
    <step title="Starting PushDeployAsync" date="2026-01-06T21:01:46.754" /><!-- duration: 16ms -->
    <step title="Updating shutdown sentinel last write time" date="2026-01-06T21:01:46.816" SemaphoreCount="7" /><!-- duration: 0ms -->
    <step title="LockFile &apos;C:\home\site\locks\deployments.lock&apos; acquired" date="2026-01-06T21:01:46.832" /><!-- duration: 0ms -->
    <step title="Saving request content to C:\home\data\SitePackages\20260106210146.zip" date="2026-01-06T21:01:46.847" >
      <step title="Total 5,649,693 bytes written to C:\home\data\SitePackages\20260106210146.zip" date="2026-01-06T21:01:47.191" /><!-- duration: 0ms -->
    </step><!-- duration: 391ms -->
    <step title="LockFile &apos;C:\home\site\locks\deployments.lock&apos; released" date="2026-01-06T21:01:47.238" /><!-- duration: 16ms -->
    <step title="Deleting shutdown sentinel file" date="2026-01-06T21:01:47.254" SemaphoreCount="8" /><!-- duration: 16ms -->
    <step title="Starting FetchDeploy" date="2026-01-06T21:01:47.269" /><!-- duration: 0ms -->
    <step title="Attempting to fetch target branch HEAD" date="2026-01-06T21:01:47.285" /><!-- duration: 0ms -->
    <step title="Updating shutdown sentinel last write time" date="2026-01-06T21:01:47.301" SemaphoreCount="7" /><!-- duration: 0ms -->
    <step title="LockFile &apos;C:\home\site\locks\deployments.lock&apos; acquired" date="2026-01-06T21:01:47.316" /><!-- duration: 0ms -->
    <step title="Performing fetch based deployment" date="2026-01-06T21:01:47.316" >
      <step title="Creating temporary deployment" date="2026-01-06T21:01:47.332" /><!-- duration: 47ms -->
      <step title="Fetching changes." date="2026-01-06T21:01:47.441" /><!-- duration: 0ms -->
      <step title="Starting LocalZipHandler" date="2026-01-06T21:01:47.457" /><!-- duration: 0ms -->
      <step title="Starting ExtractTriggers" date="2026-01-06T21:01:47.472" /><!-- duration: 0ms -->
      <step title="None repository commit" date="2026-01-06T21:01:47.519" >
        <step title="Commit id: da8119dc61214bc7b461f7ccd9b40e1b" date="2026-01-06T21:01:47.519" Message="Created via a push deployment" AuthorName="N/A" AuthorEmail="N/A" /><!-- duration: 16ms -->
      </step><!-- duration: 16ms -->
      <step title="Before sending BuildRequestReceived status to /api/updatedeploystatus" date="2026-01-06T21:01:47.535" /><!-- duration: 16ms -->
      <step title="DeploymentManager.Deploy(id:da8119dc61214bc7b461f7ccd9b40e1b)" date="2026-01-06T21:01:47.551" >
        <step title="Collecting changeset information" date="2026-01-06T21:01:47.566" /><!-- duration: 31ms -->
        <step title="Updating submodules" date="2026-01-06T21:01:47.597" >
          <step title="Updating submodules." date="2026-01-06T21:01:47.644" /><!-- duration: 0ms -->
        </step><!-- duration: 62ms -->
        <step title="Preparing deployment for commit id &apos;da8119dc61&apos;." date="2026-01-06T21:01:47.691" /><!-- duration: 15ms -->
        <step title="Determining deployment builder" date="2026-01-06T21:01:47.738" >
          <step title="Builder is RunFromZipSiteBuilder" date="2026-01-06T21:01:47.738" /><!-- duration: 16ms -->
        </step><!-- duration: 16ms -->
        <step title="Copying SSH keys" date="2026-01-06T21:01:47.769" /><!-- duration: 16ms -->
        <step title="Building" date="2026-01-06T21:01:47.785" >
          <step title="Skipping build. Project type: Run-From-Zip" date="2026-01-06T21:01:47.832" /><!-- duration: 0ms -->
          <step title="Skipping post build. Project type: Run-From-Zip" date="2026-01-06T21:01:47.894" /><!-- duration: 0ms -->
          <step title="Triggering recycle (preview mode disabled)." date="2026-01-06T21:01:47.957" /><!-- duration: 16ms -->
          <step title="Ignoring FS watcher based recycle request as this is a classic Windows app." date="2026-01-06T21:01:47.972" /><!-- duration: 16ms -->
          <step title="Deployment successful. DEPLOYMENTINFO: deploymentPath = Functions App ZipDeploy. Run from package., deployer = ZipDeploy, os = windows, sku = Dynamic, language = dotnet-isolated, siteName = azfo-dev-func-xy76b, slotName = Production, siteHostName = azfo-dev-func-xy76b.azurewebsites.net, deploymentStatus = Success" date="2026-01-06T21:01:48.019" /><!-- duration: 0ms -->
          <step title="Purge deployment items" date="2026-01-06T21:01:48.191" >
            <step title="Remove e467be737, Success, received at 1/5/2026 11:57:51 PM" date="2026-01-06T21:01:48.222" /><!-- duration: 0ms -->
          </step><!-- duration: 47ms -->
        </step><!-- duration: 469ms -->
      </step><!-- duration: 719ms -->
      <step title="Cleaning up temp files" date="2026-01-06T21:01:48.269" /><!-- duration: 16ms -->
      <step title="Updating C:\home\data\SitePackages\packagename.txt with deployment 20260106210146.zip" date="2026-01-06T21:01:48.285" /><!-- duration: 156ms -->
      <step title="Begin HttpPost https://azfo-dev-func-xy76b.scm.azurewebsites.net/operations/settriggers, x-ms-request-id: f674c9a6-78e9-4e9f-91e0-97cfe0333339" date="2026-01-06T21:01:48.488" /><!-- duration: 16ms -->
      <step title="End HttpPost, status: OK" date="2026-01-06T21:01:48.785" /><!-- duration: 0ms -->
      <step title="Scheduling background sync triggers after delay" date="2026-01-06T21:01:48.785" /><!-- duration: 0ms -->
    </step><!-- duration: 1516ms -->
    <step title="LockFile &apos;C:\home\site\locks\deployments.lock&apos; released" date="2026-01-06T21:01:48.832" /><!-- duration: 16ms -->
  </step><!-- duration: 2125ms -->
  <step title="Outgoing response" date="2026-01-06T21:01:48.863" type="response" statusCode="200" statusText="OK" Server="Microsoft-IIS/10.0" x-ms-request-id="f674c9a6-78e9-4e9f-91e0-97cfe0333339" Cache-Control="private" X-AspNet-Version="4.0.30319" /><!-- duration: 0ms -->
</step><!-- duration: 2187ms -->
